<?xml version="1.0" encoding="ISO-8859-1"?>
<MER>
	<Informacoes>
		<Posicao Left="0" Top="0"/>
		<TotalItens Valor="170"/>
		<Tipo Valor="CONCEITUAL"/>
		<Versao Valor="2.0.0"/>
		<Autor Valor=""/>
		<Observacao Valor=""/>
		<Template>
      <CAMPOS/>
      <TIPOS/>
      <COMPLEMENTO_CAMPOS/>
      <COMPLEMENTO_TABELAS/>
      <DDL>
        <CTab_A>CREATE TABLE *$nome_tabela</CTab_A>
        <CTab_B> (</CTab_B>
        <CTab_Compl>*$compl_tabela</CTab_Compl>
        <CTab_C>)*$separador*$\n</CTab_C>
        <CCamp>*$nome_campo *$tipo_campo *$compl_campo</CCamp>
        <Pk_inTab>-1</Pk_inTab>
        <Fk_inTab>-1</Fk_inTab>
        <Const_Nomear>0</Const_Nomear>
        <CConst_Nome>*$nome_tabela_*$envol_campo</CConst_Nome>
        <Separador></Separador>
      </DDL>
    </Template>
	</Informacoes>
	<Entidades>
    <Entidade nome="usuario" id="3">
      <Left Valor="191"/>
      <Top Valor="93"/>
      <Width Valor="102"/>
      <Height Valor="66"/>
      <Fonte default="-1"/>
      <Atributos>
        <Atributo nome="user_id" id="5">
          <Left Valor="216"/>
          <Top Valor="35"/>
          <Width Valor="69"/>
          <Height Valor="16"/>
          <Fonte default="-1"/>
          <Atributos/>
          <AtributosOcultos/>
          <Dicionario></Dicionario>
          <Nula Valor="0"/>
          <Observacao></Observacao>
          <Futuro></Futuro>
          <Anexos/>
          <MaxCard Valor="1"/>
          <MinCard Valor="1"/>
          <Composto Valor="0"/>
          <Identificador Valor="-1"/>
          <Tipo Valor="int"/>
          <Multivalorado Valor="0"/>
          <Orientacao Valor="3"/>
          <TamAuto Valor="-1"/>
          <Desvio Valor="10"/>
          <BarraID Valor="6"/>
          <Ligacoes>
            <Ligacao Destino_ID="3">
              <MostraCardinalidade Valor="0" Card_id="7"/>
              <Cardinalidades Cardinalidade="4"/>
              <Orientacao Valor="0"/>
              <Fraca Valor="0"/>
            </Ligacao>
          </Ligacoes>
        </Atributo>
        <Atributo nome="nivel" id="14">
          <Left Valor="241"/>
          <Top Valor="51"/>
          <Width Valor="54"/>
          <Height Valor="16"/>
          <Fonte default="-1"/>
          <Atributos/>
          <AtributosOcultos/>
          <Dicionario></Dicionario>
          <Nula Valor="0"/>
          <Observacao></Observacao>
          <Futuro></Futuro>
          <Anexos/>
          <MaxCard Valor="1"/>
          <MinCard Valor="1"/>
          <Composto Valor="0"/>
          <Identificador Valor="0"/>
          <Tipo Valor="int"/>
          <Multivalorado Valor="0"/>
          <Orientacao Valor="3"/>
          <TamAuto Valor="-1"/>
          <Desvio Valor="10"/>
          <BarraID Valor="15"/>
          <Ligacoes>
            <Ligacao Destino_ID="3">
              <MostraCardinalidade Valor="0" Card_id="16"/>
              <Cardinalidades Cardinalidade="4"/>
              <Orientacao Valor="0"/>
              <Fraca Valor="0"/>
            </Ligacao>
          </Ligacoes>
        </Atributo>
        <Atributo nome="data_cadastro" id="106">
          <Left Valor="266"/>
          <Top Valor="67"/>
          <Width Valor="110"/>
          <Height Valor="16"/>
          <Fonte default="-1"/>
          <Atributos/>
          <AtributosOcultos/>
          <Dicionario></Dicionario>
          <Nula Valor="0"/>
          <Observacao></Observacao>
          <Futuro></Futuro>
          <Anexos/>
          <MaxCard Valor="1"/>
          <MinCard Valor="1"/>
          <Composto Valor="0"/>
          <Identificador Valor="0"/>
          <Tipo Valor="datetime"/>
          <Multivalorado Valor="0"/>
          <Orientacao Valor="3"/>
          <TamAuto Valor="-1"/>
          <Desvio Valor="10"/>
          <BarraID Valor="107"/>
          <Ligacoes>
            <Ligacao Destino_ID="3">
              <MostraCardinalidade Valor="0" Card_id="108"/>
              <Cardinalidades Cardinalidade="4"/>
              <Orientacao Valor="0"/>
              <Fraca Valor="0"/>
            </Ligacao>
          </Ligacoes>
        </Atributo>
        <Atributo nome="email" id="17">
          <Left Valor="328"/>
          <Top Valor="96"/>
          <Width Valor="58"/>
          <Height Valor="16"/>
          <Fonte default="-1"/>
          <Atributos/>
          <AtributosOcultos/>
          <Dicionario></Dicionario>
          <Nula Valor="0"/>
          <Observacao></Observacao>
          <Futuro></Futuro>
          <Anexos/>
          <MaxCard Valor="1"/>
          <MinCard Valor="1"/>
          <Composto Valor="0"/>
          <Identificador Valor="0"/>
          <Tipo Valor="varchar"/>
          <Multivalorado Valor="0"/>
          <Orientacao Valor="3"/>
          <TamAuto Valor="-1"/>
          <Desvio Valor="10"/>
          <BarraID Valor="18"/>
          <Ligacoes>
            <Ligacao Destino_ID="3">
              <MostraCardinalidade Valor="0" Card_id="19"/>
              <Cardinalidades Cardinalidade="4"/>
              <Orientacao Valor="0"/>
              <Fraca Valor="0"/>
            </Ligacao>
          </Ligacoes>
        </Atributo>
        <Atributo nome="senha" id="20">
          <Left Valor="328"/>
          <Top Valor="107"/>
          <Width Valor="61"/>
          <Height Valor="16"/>
          <Fonte default="-1"/>
          <Atributos/>
          <AtributosOcultos/>
          <Dicionario></Dicionario>
          <Nula Valor="0"/>
          <Observacao></Observacao>
          <Futuro></Futuro>
          <Anexos/>
          <MaxCard Valor="1"/>
          <MinCard Valor="1"/>
          <Composto Valor="0"/>
          <Identificador Valor="0"/>
          <Tipo Valor="varchar"/>
          <Multivalorado Valor="0"/>
          <Orientacao Valor="3"/>
          <TamAuto Valor="-1"/>
          <Desvio Valor="10"/>
          <BarraID Valor="21"/>
          <Ligacoes>
            <Ligacao Destino_ID="3">
              <MostraCardinalidade Valor="0" Card_id="22"/>
              <Cardinalidades Cardinalidade="4"/>
              <Orientacao Valor="0"/>
              <Fraca Valor="0"/>
            </Ligacao>
          </Ligacoes>
        </Atributo>
        <Atributo nome="biografia" id="109">
          <Left Valor="328"/>
          <Top Valor="129"/>
          <Width Valor="77"/>
          <Height Valor="16"/>
          <Fonte default="-1"/>
          <Atributos/>
          <AtributosOcultos/>
          <Dicionario></Dicionario>
          <Nula Valor="0"/>
          <Observacao></Observacao>
          <Futuro></Futuro>
          <Anexos/>
          <MaxCard Valor="1"/>
          <MinCard Valor="1"/>
          <Composto Valor="0"/>
          <Identificador Valor="0"/>
          <Tipo Valor="text"/>
          <Multivalorado Valor="0"/>
          <Orientacao Valor="3"/>
          <TamAuto Valor="-1"/>
          <Desvio Valor="10"/>
          <BarraID Valor="110"/>
          <Ligacoes>
            <Ligacao Destino_ID="3">
              <MostraCardinalidade Valor="0" Card_id="111"/>
              <Cardinalidades Cardinalidade="4"/>
              <Orientacao Valor="0"/>
              <Fraca Valor="0"/>
            </Ligacao>
          </Ligacoes>
        </Atributo>
        <Atributo nome="contato" id="112">
          <Left Valor="328"/>
          <Top Valor="140"/>
          <Width Valor="71"/>
          <Height Valor="16"/>
          <Fonte default="-1"/>
          <Atributos/>
          <AtributosOcultos/>
          <Dicionario></Dicionario>
          <Nula Valor="0"/>
          <Observacao></Observacao>
          <Futuro></Futuro>
          <Anexos/>
          <MaxCard Valor="1"/>
          <MinCard Valor="1"/>
          <Composto Valor="0"/>
          <Identificador Valor="0"/>
          <Tipo Valor="varchar"/>
          <Multivalorado Valor="0"/>
          <Orientacao Valor="3"/>
          <TamAuto Valor="-1"/>
          <Desvio Valor="10"/>
          <BarraID Valor="113"/>
          <Ligacoes>
            <Ligacao Destino_ID="3">
              <MostraCardinalidade Valor="0" Card_id="114"/>
              <Cardinalidades Cardinalidade="4"/>
              <Orientacao Valor="0"/>
              <Fraca Valor="0"/>
            </Ligacao>
          </Ligacoes>
        </Atributo>
        <Atributo nome="nome" id="11">
          <Left Valor="97"/>
          <Top Valor="96"/>
          <Width Valor="59"/>
          <Height Valor="16"/>
          <Fonte default="-1"/>
          <Atributos/>
          <AtributosOcultos/>
          <Dicionario></Dicionario>
          <Nula Valor="0"/>
          <Observacao></Observacao>
          <Futuro></Futuro>
          <Anexos/>
          <MaxCard Valor="1"/>
          <MinCard Valor="1"/>
          <Composto Valor="0"/>
          <Identificador Valor="0"/>
          <Tipo Valor="varchar(255)"/>
          <Multivalorado Valor="0"/>
          <Orientacao Valor="2"/>
          <TamAuto Valor="-1"/>
          <Desvio Valor="10"/>
          <BarraID Valor="12"/>
          <Ligacoes>
            <Ligacao Destino_ID="3">
              <MostraCardinalidade Valor="0" Card_id="13"/>
              <Cardinalidades Cardinalidade="4"/>
              <Orientacao Valor="0"/>
              <Fraca Valor="0"/>
            </Ligacao>
          </Ligacoes>
        </Atributo>
        <Atributo nome="regiao" id="115">
          <Left Valor="93"/>
          <Top Valor="129"/>
          <Width Valor="63"/>
          <Height Valor="16"/>
          <Fonte default="-1"/>
          <Atributos/>
          <AtributosOcultos/>
          <Dicionario></Dicionario>
          <Nula Valor="0"/>
          <Observacao></Observacao>
          <Futuro></Futuro>
          <Anexos/>
          <MaxCard Valor="1"/>
          <MinCard Valor="1"/>
          <Composto Valor="0"/>
          <Identificador Valor="0"/>
          <Tipo Valor="int"/>
          <Multivalorado Valor="0"/>
          <Orientacao Valor="2"/>
          <TamAuto Valor="-1"/>
          <Desvio Valor="10"/>
          <BarraID Valor="116"/>
          <Ligacoes>
            <Ligacao Destino_ID="3">
              <MostraCardinalidade Valor="0" Card_id="117"/>
              <Cardinalidades Cardinalidade="4"/>
              <Orientacao Valor="0"/>
              <Fraca Valor="0"/>
            </Ligacao>
          </Ligacoes>
        </Atributo>
        <Atributo nome="genero" id="90">
          <Left Valor="89"/>
          <Top Valor="140"/>
          <Width Valor="67"/>
          <Height Valor="16"/>
          <Fonte default="-1"/>
          <Atributos/>
          <AtributosOcultos/>
          <Dicionario></Dicionario>
          <Nula Valor="0"/>
          <Observacao></Observacao>
          <Futuro></Futuro>
          <Anexos/>
          <MaxCard Valor="1"/>
          <MinCard Valor="1"/>
          <Composto Valor="0"/>
          <Identificador Valor="0"/>
          <Tipo Valor="varchar"/>
          <Multivalorado Valor="0"/>
          <Orientacao Valor="2"/>
          <TamAuto Valor="-1"/>
          <Desvio Valor="10"/>
          <BarraID Valor="91"/>
          <Ligacoes>
            <Ligacao Destino_ID="3">
              <MostraCardinalidade Valor="0" Card_id="92"/>
              <Cardinalidades Cardinalidade="4"/>
              <Orientacao Valor="0"/>
              <Fraca Valor="0"/>
            </Ligacao>
          </Ligacoes>
        </Atributo>
        <Atributo nome="data_nascimento" id="81">
          <Left Valor="30"/>
          <Top Valor="118"/>
          <Width Valor="126"/>
          <Height Valor="16"/>
          <Fonte default="-1"/>
          <Atributos/>
          <AtributosOcultos/>
          <Dicionario></Dicionario>
          <Nula Valor="0"/>
          <Observacao></Observacao>
          <Futuro></Futuro>
          <Anexos/>
          <MaxCard Valor="1"/>
          <MinCard Valor="1"/>
          <Composto Valor="0"/>
          <Identificador Valor="0"/>
          <Tipo Valor="date"/>
          <Multivalorado Valor="0"/>
          <Orientacao Valor="2"/>
          <TamAuto Valor="-1"/>
          <Desvio Valor="10"/>
          <BarraID Valor="82"/>
          <Ligacoes>
            <Ligacao Destino_ID="3">
              <MostraCardinalidade Valor="0" Card_id="83"/>
              <Cardinalidades Cardinalidade="4"/>
              <Orientacao Valor="0"/>
              <Fraca Valor="0"/>
            </Ligacao>
          </Ligacoes>
        </Atributo>
        <Atributo nome="nome_completo" id="8">
          <Left Valor="37"/>
          <Top Valor="107"/>
          <Width Valor="119"/>
          <Height Valor="16"/>
          <Fonte default="-1"/>
          <Atributos/>
          <AtributosOcultos/>
          <Dicionario></Dicionario>
          <Nula Valor="0"/>
          <Observacao></Observacao>
          <Futuro></Futuro>
          <Anexos/>
          <MaxCard Valor="1"/>
          <MinCard Valor="1"/>
          <Composto Valor="0"/>
          <Identificador Valor="0"/>
          <Tipo Valor="varchar"/>
          <Multivalorado Valor="0"/>
          <Orientacao Valor="2"/>
          <TamAuto Valor="-1"/>
          <Desvio Valor="10"/>
          <BarraID Valor="9"/>
          <Ligacoes>
            <Ligacao Destino_ID="3">
              <MostraCardinalidade Valor="0" Card_id="10"/>
              <Cardinalidades Cardinalidade="4"/>
              <Orientacao Valor="0"/>
              <Fraca Valor="0"/>
            </Ligacao>
          </Ligacoes>
        </Atributo>
        <Atributo nome="postagens" id="139">
          <Left Valor="328"/>
          <Top Valor="118"/>
          <Width Valor="86"/>
          <Height Valor="16"/>
          <Fonte default="-1"/>
          <Atributos/>
          <AtributosOcultos/>
          <Dicionario></Dicionario>
          <Nula Valor="0"/>
          <Observacao></Observacao>
          <Futuro></Futuro>
          <Anexos/>
          <MaxCard Valor="1"/>
          <MinCard Valor="1"/>
          <Composto Valor="0"/>
          <Identificador Valor="0"/>
          <Tipo Valor="int"/>
          <Multivalorado Valor="0"/>
          <Orientacao Valor="3"/>
          <TamAuto Valor="-1"/>
          <Desvio Valor="10"/>
          <BarraID Valor="140"/>
          <Ligacoes>
            <Ligacao Destino_ID="3">
              <MostraCardinalidade Valor="0" Card_id="141"/>
              <Cardinalidades Cardinalidade="4"/>
              <Orientacao Valor="0"/>
              <Fraca Valor="0"/>
            </Ligacao>
          </Ligacoes>
        </Atributo>
      </Atributos>
      <AtributosOcultos/>
      <Dicionario></Dicionario>
      <Nula Valor="0"/>
      <Observacao></Observacao>
      <Futuro></Futuro>
      <Anexos/>
      <AutoRelacoes AutoRelacionado="0"/>
      <Especializacoes ehEsp="0"/>
    </Entidade>
    <Entidade nome="regiao" id="28">
      <Left Valor="489"/>
      <Top Valor="538"/>
      <Width Valor="102"/>
      <Height Valor="66"/>
      <Fonte default="-1"/>
      <Atributos>
        <Atributo nome="cidade" id="50">
          <Left Valor="626"/>
          <Top Valor="547"/>
          <Width Valor="64"/>
          <Height Valor="16"/>
          <Fonte default="-1"/>
          <Atributos/>
          <AtributosOcultos/>
          <Dicionario></Dicionario>
          <Nula Valor="0"/>
          <Observacao></Observacao>
          <Futuro></Futuro>
          <Anexos/>
          <MaxCard Valor="1"/>
          <MinCard Valor="1"/>
          <Composto Valor="0"/>
          <Identificador Valor="0"/>
          <Tipo Valor="varchar"/>
          <Multivalorado Valor="0"/>
          <Orientacao Valor="3"/>
          <TamAuto Valor="-1"/>
          <Desvio Valor="10"/>
          <BarraID Valor="51"/>
          <Ligacoes>
            <Ligacao Destino_ID="28">
              <MostraCardinalidade Valor="0" Card_id="52"/>
              <Cardinalidades Cardinalidade="4"/>
              <Orientacao Valor="0"/>
              <Fraca Valor="0"/>
            </Ligacao>
          </Ligacoes>
        </Atributo>
        <Atributo nome="estado" id="53">
          <Left Valor="626"/>
          <Top Valor="562"/>
          <Width Valor="66"/>
          <Height Valor="16"/>
          <Fonte default="-1"/>
          <Atributos/>
          <AtributosOcultos/>
          <Dicionario></Dicionario>
          <Nula Valor="0"/>
          <Observacao></Observacao>
          <Futuro></Futuro>
          <Anexos/>
          <MaxCard Valor="1"/>
          <MinCard Valor="1"/>
          <Composto Valor="0"/>
          <Identificador Valor="0"/>
          <Tipo Valor="varchar"/>
          <Multivalorado Valor="0"/>
          <Orientacao Valor="3"/>
          <TamAuto Valor="-1"/>
          <Desvio Valor="10"/>
          <BarraID Valor="54"/>
          <Ligacoes>
            <Ligacao Destino_ID="28">
              <MostraCardinalidade Valor="0" Card_id="55"/>
              <Cardinalidades Cardinalidade="4"/>
              <Orientacao Valor="0"/>
              <Fraca Valor="0"/>
            </Ligacao>
          </Ligacoes>
        </Atributo>
        <Atributo nome="cod_regiao" id="35">
          <Left Valor="539"/>
          <Top Valor="513"/>
          <Width Valor="90"/>
          <Height Valor="16"/>
          <Fonte default="-1"/>
          <Atributos/>
          <AtributosOcultos/>
          <Dicionario></Dicionario>
          <Nula Valor="0"/>
          <Observacao></Observacao>
          <Futuro></Futuro>
          <Anexos/>
          <MaxCard Valor="1"/>
          <MinCard Valor="1"/>
          <Composto Valor="0"/>
          <Identificador Valor="-1"/>
          <Tipo Valor="int"/>
          <Multivalorado Valor="0"/>
          <Orientacao Valor="3"/>
          <TamAuto Valor="-1"/>
          <Desvio Valor="10"/>
          <BarraID Valor="36"/>
          <Ligacoes>
            <Ligacao Destino_ID="28">
              <MostraCardinalidade Valor="0" Card_id="37"/>
              <Cardinalidades Cardinalidade="4"/>
              <Orientacao Valor="0"/>
              <Fraca Valor="0"/>
            </Ligacao>
          </Ligacoes>
        </Atributo>
        <Atributo nome="pais" id="47">
          <Left Valor="626"/>
          <Top Valor="578"/>
          <Width Valor="50"/>
          <Height Valor="16"/>
          <Fonte default="-1"/>
          <Atributos/>
          <AtributosOcultos/>
          <Dicionario></Dicionario>
          <Nula Valor="0"/>
          <Observacao></Observacao>
          <Futuro></Futuro>
          <Anexos/>
          <MaxCard Valor="1"/>
          <MinCard Valor="1"/>
          <Composto Valor="0"/>
          <Identificador Valor="0"/>
          <Tipo Valor="varchar"/>
          <Multivalorado Valor="0"/>
          <Orientacao Valor="3"/>
          <TamAuto Valor="-1"/>
          <Desvio Valor="10"/>
          <BarraID Valor="48"/>
          <Ligacoes>
            <Ligacao Destino_ID="28">
              <MostraCardinalidade Valor="0" Card_id="49"/>
              <Cardinalidades Cardinalidade="4"/>
              <Orientacao Valor="0"/>
              <Fraca Valor="0"/>
            </Ligacao>
          </Ligacoes>
        </Atributo>
      </Atributos>
      <AtributosOcultos/>
      <Dicionario></Dicionario>
      <Nula Valor="0"/>
      <Observacao></Observacao>
      <Futuro></Futuro>
      <Anexos/>
      <AutoRelacoes AutoRelacionado="0"/>
      <Especializacoes ehEsp="0"/>
    </Entidade>
    <Entidade nome="publicacao" id="62">
      <Left Valor="599"/>
      <Top Valor="175"/>
      <Width Valor="102"/>
      <Height Valor="66"/>
      <Fonte default="-1"/>
      <Atributos>
        <Atributo nome="data_publicacao" id="103">
          <Left Valor="736"/>
          <Top Valor="180"/>
          <Width Valor="120"/>
          <Height Valor="16"/>
          <Fonte default="-1"/>
          <Atributos/>
          <AtributosOcultos/>
          <Dicionario></Dicionario>
          <Nula Valor="0"/>
          <Observacao></Observacao>
          <Futuro></Futuro>
          <Anexos/>
          <MaxCard Valor="1"/>
          <MinCard Valor="1"/>
          <Composto Valor="0"/>
          <Identificador Valor="0"/>
          <Tipo Valor="datetime"/>
          <Multivalorado Valor="0"/>
          <Orientacao Valor="3"/>
          <TamAuto Valor="-1"/>
          <Desvio Valor="10"/>
          <BarraID Valor="104"/>
          <Ligacoes>
            <Ligacao Destino_ID="62">
              <MostraCardinalidade Valor="0" Card_id="105"/>
              <Cardinalidades Cardinalidade="4"/>
              <Orientacao Valor="0"/>
              <Fraca Valor="0"/>
            </Ligacao>
          </Ligacoes>
        </Atributo>
        <Atributo nome="midia_produto" id="69">
          <Left Valor="736"/>
          <Top Valor="219"/>
          <Width Valor="110"/>
          <Height Valor="16"/>
          <Fonte default="-1"/>
          <Atributos/>
          <AtributosOcultos/>
          <Dicionario></Dicionario>
          <Nula Valor="0"/>
          <Observacao></Observacao>
          <Futuro></Futuro>
          <Anexos/>
          <MaxCard Valor="1"/>
          <MinCard Valor="1"/>
          <Composto Valor="0"/>
          <Identificador Valor="0"/>
          <Tipo Valor="varchar"/>
          <Multivalorado Valor="0"/>
          <Orientacao Valor="3"/>
          <TamAuto Valor="-1"/>
          <Desvio Valor="10"/>
          <BarraID Valor="70"/>
          <Ligacoes>
            <Ligacao Destino_ID="62">
              <MostraCardinalidade Valor="0" Card_id="71"/>
              <Cardinalidades Cardinalidade="4"/>
              <Orientacao Valor="0"/>
              <Fraca Valor="0"/>
            </Ligacao>
          </Ligacoes>
        </Atributo>
        <Atributo nome="autor_publicacao" id="118">
          <Left Valor="649"/>
          <Top Valor="133"/>
          <Width Valor="125"/>
          <Height Valor="16"/>
          <Fonte default="-1"/>
          <Atributos/>
          <AtributosOcultos/>
          <Dicionario></Dicionario>
          <Nula Valor="0"/>
          <Observacao></Observacao>
          <Futuro></Futuro>
          <Anexos/>
          <MaxCard Valor="1"/>
          <MinCard Valor="1"/>
          <Composto Valor="0"/>
          <Identificador Valor="0"/>
          <Tipo Valor="int"/>
          <Multivalorado Valor="0"/>
          <Orientacao Valor="3"/>
          <TamAuto Valor="-1"/>
          <Desvio Valor="10"/>
          <BarraID Valor="119"/>
          <Ligacoes>
            <Ligacao Destino_ID="62">
              <MostraCardinalidade Valor="0" Card_id="120"/>
              <Cardinalidades Cardinalidade="4"/>
              <Orientacao Valor="0"/>
              <Fraca Valor="0"/>
            </Ligacao>
          </Ligacoes>
        </Atributo>
        <Atributo nome="titulo_publicacao" id="72">
          <Left Valor="736"/>
          <Top Valor="193"/>
          <Width Valor="124"/>
          <Height Valor="16"/>
          <Fonte default="-1"/>
          <Atributos/>
          <AtributosOcultos/>
          <Dicionario></Dicionario>
          <Nula Valor="0"/>
          <Observacao></Observacao>
          <Futuro></Futuro>
          <Anexos/>
          <MaxCard Valor="1"/>
          <MinCard Valor="1"/>
          <Composto Valor="0"/>
          <Identificador Valor="0"/>
          <Tipo Valor="varchar"/>
          <Multivalorado Valor="0"/>
          <Orientacao Valor="3"/>
          <TamAuto Valor="-1"/>
          <Desvio Valor="10"/>
          <BarraID Valor="73"/>
          <Ligacoes>
            <Ligacao Destino_ID="62">
              <MostraCardinalidade Valor="0" Card_id="74"/>
              <Cardinalidades Cardinalidade="4"/>
              <Orientacao Valor="0"/>
              <Fraca Valor="0"/>
            </Ligacao>
          </Ligacoes>
        </Atributo>
        <Atributo nome="descricao_publicacao" id="75">
          <Left Valor="736"/>
          <Top Valor="206"/>
          <Width Valor="148"/>
          <Height Valor="16"/>
          <Fonte default="-1"/>
          <Atributos/>
          <AtributosOcultos/>
          <Dicionario></Dicionario>
          <Nula Valor="0"/>
          <Observacao></Observacao>
          <Futuro></Futuro>
          <Anexos/>
          <MaxCard Valor="1"/>
          <MinCard Valor="1"/>
          <Composto Valor="0"/>
          <Identificador Valor="0"/>
          <Tipo Valor="text"/>
          <Multivalorado Valor="0"/>
          <Orientacao Valor="3"/>
          <TamAuto Valor="-1"/>
          <Desvio Valor="10"/>
          <BarraID Valor="76"/>
          <Ligacoes>
            <Ligacao Destino_ID="62">
              <MostraCardinalidade Valor="0" Card_id="77"/>
              <Cardinalidades Cardinalidade="4"/>
              <Orientacao Valor="0"/>
              <Fraca Valor="0"/>
            </Ligacao>
          </Ligacoes>
        </Atributo>
        <Atributo nome="cod_publicacao" id="66">
          <Left Valor="624"/>
          <Top Valor="117"/>
          <Width Valor="114"/>
          <Height Valor="16"/>
          <Fonte default="-1"/>
          <Atributos/>
          <AtributosOcultos/>
          <Dicionario></Dicionario>
          <Nula Valor="0"/>
          <Observacao></Observacao>
          <Futuro></Futuro>
          <Anexos/>
          <MaxCard Valor="1"/>
          <MinCard Valor="1"/>
          <Composto Valor="0"/>
          <Identificador Valor="-1"/>
          <Tipo Valor="int"/>
          <Multivalorado Valor="0"/>
          <Orientacao Valor="3"/>
          <TamAuto Valor="-1"/>
          <Desvio Valor="10"/>
          <BarraID Valor="67"/>
          <Ligacoes>
            <Ligacao Destino_ID="62">
              <MostraCardinalidade Valor="0" Card_id="68"/>
              <Cardinalidades Cardinalidade="4"/>
              <Orientacao Valor="0"/>
              <Fraca Valor="0"/>
            </Ligacao>
          </Ligacoes>
        </Atributo>
        <Atributo nome="categoria" id="136">
          <Left Valor="674"/>
          <Top Valor="149"/>
          <Width Valor="81"/>
          <Height Valor="16"/>
          <Fonte default="-1"/>
          <Atributos/>
          <AtributosOcultos/>
          <Dicionario></Dicionario>
          <Nula Valor="0"/>
          <Observacao></Observacao>
          <Futuro></Futuro>
          <Anexos/>
          <MaxCard Valor="1"/>
          <MinCard Valor="1"/>
          <Composto Valor="0"/>
          <Identificador Valor="0"/>
          <Tipo Valor="int"/>
          <Multivalorado Valor="0"/>
          <Orientacao Valor="3"/>
          <TamAuto Valor="-1"/>
          <Desvio Valor="10"/>
          <BarraID Valor="137"/>
          <Ligacoes>
            <Ligacao Destino_ID="62">
              <MostraCardinalidade Valor="0" Card_id="138"/>
              <Cardinalidades Cardinalidade="4"/>
              <Orientacao Valor="0"/>
              <Fraca Valor="0"/>
            </Ligacao>
          </Ligacoes>
        </Atributo>
      </Atributos>
      <AtributosOcultos/>
      <Dicionario></Dicionario>
      <Nula Valor="0"/>
      <Observacao></Observacao>
      <Futuro></Futuro>
      <Anexos/>
      <AutoRelacoes AutoRelacionado="0"/>
      <Especializacoes ehEsp="0"/>
    </Entidade>
    <Entidade nome="propaganda" id="4">
      <Left Valor="368"/>
      <Top Valor="373"/>
      <Width Valor="102"/>
      <Height Valor="66"/>
      <Fonte default="-1"/>
      <Atributos>
        <Atributo nome="cod_propaganda" id="32">
          <Left Valor="211"/>
          <Top Valor="378"/>
          <Width Valor="122"/>
          <Height Valor="16"/>
          <Fonte default="-1"/>
          <Atributos/>
          <AtributosOcultos/>
          <Dicionario></Dicionario>
          <Nula Valor="0"/>
          <Observacao></Observacao>
          <Futuro></Futuro>
          <Anexos/>
          <MaxCard Valor="1"/>
          <MinCard Valor="1"/>
          <Composto Valor="0"/>
          <Identificador Valor="-1"/>
          <Tipo Valor="int"/>
          <Multivalorado Valor="0"/>
          <Orientacao Valor="2"/>
          <TamAuto Valor="-1"/>
          <Desvio Valor="10"/>
          <BarraID Valor="33"/>
          <Ligacoes>
            <Ligacao Destino_ID="4">
              <MostraCardinalidade Valor="0" Card_id="34"/>
              <Cardinalidades Cardinalidade="4"/>
              <Orientacao Valor="0"/>
              <Fraca Valor="0"/>
            </Ligacao>
          </Ligacoes>
        </Atributo>
        <Atributo nome="data_propaganda" id="41">
          <Left Valor="505"/>
          <Top Valor="378"/>
          <Width Valor="128"/>
          <Height Valor="16"/>
          <Fonte default="-1"/>
          <Atributos/>
          <AtributosOcultos/>
          <Dicionario></Dicionario>
          <Nula Valor="0"/>
          <Observacao></Observacao>
          <Futuro></Futuro>
          <Anexos/>
          <MaxCard Valor="1"/>
          <MinCard Valor="1"/>
          <Composto Valor="0"/>
          <Identificador Valor="0"/>
          <Tipo Valor="datetime"/>
          <Multivalorado Valor="0"/>
          <Orientacao Valor="3"/>
          <TamAuto Valor="-1"/>
          <Desvio Valor="10"/>
          <BarraID Valor="42"/>
          <Ligacoes>
            <Ligacao Destino_ID="4">
              <MostraCardinalidade Valor="0" Card_id="43"/>
              <Cardinalidades Cardinalidade="4"/>
              <Orientacao Valor="0"/>
              <Fraca Valor="0"/>
            </Ligacao>
          </Ligacoes>
        </Atributo>
        <Atributo nome="descricao_propaganda" id="44">
          <Left Valor="505"/>
          <Top Valor="404"/>
          <Width Valor="156"/>
          <Height Valor="16"/>
          <Fonte default="-1"/>
          <Atributos/>
          <AtributosOcultos/>
          <Dicionario></Dicionario>
          <Nula Valor="0"/>
          <Observacao></Observacao>
          <Futuro></Futuro>
          <Anexos/>
          <MaxCard Valor="1"/>
          <MinCard Valor="1"/>
          <Composto Valor="0"/>
          <Identificador Valor="0"/>
          <Tipo Valor="text"/>
          <Multivalorado Valor="0"/>
          <Orientacao Valor="3"/>
          <TamAuto Valor="-1"/>
          <Desvio Valor="10"/>
          <BarraID Valor="45"/>
          <Ligacoes>
            <Ligacao Destino_ID="4">
              <MostraCardinalidade Valor="0" Card_id="46"/>
              <Cardinalidades Cardinalidade="4"/>
              <Orientacao Valor="0"/>
              <Fraca Valor="0"/>
            </Ligacao>
          </Ligacoes>
        </Atributo>
        <Atributo nome="midia_propaganda" id="38">
          <Left Valor="505"/>
          <Top Valor="417"/>
          <Width Valor="133"/>
          <Height Valor="16"/>
          <Fonte default="-1"/>
          <Atributos/>
          <AtributosOcultos/>
          <Dicionario></Dicionario>
          <Nula Valor="0"/>
          <Observacao></Observacao>
          <Futuro></Futuro>
          <Anexos/>
          <MaxCard Valor="1"/>
          <MinCard Valor="1"/>
          <Composto Valor="0"/>
          <Identificador Valor="0"/>
          <Tipo Valor="varchar"/>
          <Multivalorado Valor="0"/>
          <Orientacao Valor="3"/>
          <TamAuto Valor="-1"/>
          <Desvio Valor="10"/>
          <BarraID Valor="39"/>
          <Ligacoes>
            <Ligacao Destino_ID="4">
              <MostraCardinalidade Valor="0" Card_id="40"/>
              <Cardinalidades Cardinalidade="4"/>
              <Orientacao Valor="0"/>
              <Fraca Valor="0"/>
            </Ligacao>
          </Ligacoes>
        </Atributo>
        <Atributo nome="regiao" id="124">
          <Left Valor="270"/>
          <Top Valor="404"/>
          <Width Valor="63"/>
          <Height Valor="16"/>
          <Fonte default="-1"/>
          <Atributos/>
          <AtributosOcultos/>
          <Dicionario></Dicionario>
          <Nula Valor="0"/>
          <Observacao></Observacao>
          <Futuro></Futuro>
          <Anexos/>
          <MaxCard Valor="1"/>
          <MinCard Valor="1"/>
          <Composto Valor="0"/>
          <Identificador Valor="0"/>
          <Tipo Valor="int"/>
          <Multivalorado Valor="0"/>
          <Orientacao Valor="2"/>
          <TamAuto Valor="-1"/>
          <Desvio Valor="10"/>
          <BarraID Valor="125"/>
          <Ligacoes>
            <Ligacao Destino_ID="4">
              <MostraCardinalidade Valor="0" Card_id="126"/>
              <Cardinalidades Cardinalidade="4"/>
              <Orientacao Valor="0"/>
              <Fraca Valor="0"/>
            </Ligacao>
          </Ligacoes>
        </Atributo>
        <Atributo nome="categoria" id="127">
          <Left Valor="252"/>
          <Top Valor="417"/>
          <Width Valor="81"/>
          <Height Valor="16"/>
          <Fonte default="-1"/>
          <Atributos/>
          <AtributosOcultos/>
          <Dicionario></Dicionario>
          <Nula Valor="0"/>
          <Observacao></Observacao>
          <Futuro></Futuro>
          <Anexos/>
          <MaxCard Valor="1"/>
          <MinCard Valor="1"/>
          <Composto Valor="0"/>
          <Identificador Valor="0"/>
          <Tipo Valor="int"/>
          <Multivalorado Valor="0"/>
          <Orientacao Valor="2"/>
          <TamAuto Valor="-1"/>
          <Desvio Valor="10"/>
          <BarraID Valor="128"/>
          <Ligacoes>
            <Ligacao Destino_ID="4">
              <MostraCardinalidade Valor="0" Card_id="129"/>
              <Cardinalidades Cardinalidade="4"/>
              <Orientacao Valor="0"/>
              <Fraca Valor="0"/>
            </Ligacao>
          </Ligacoes>
        </Atributo>
        <Atributo nome="titulo_propaganda" id="59">
          <Left Valor="505"/>
          <Top Valor="391"/>
          <Width Valor="132"/>
          <Height Valor="16"/>
          <Fonte default="-1"/>
          <Atributos/>
          <AtributosOcultos/>
          <Dicionario></Dicionario>
          <Nula Valor="0"/>
          <Observacao></Observacao>
          <Futuro></Futuro>
          <Anexos/>
          <MaxCard Valor="1"/>
          <MinCard Valor="1"/>
          <Composto Valor="0"/>
          <Identificador Valor="0"/>
          <Tipo Valor="varchar"/>
          <Multivalorado Valor="0"/>
          <Orientacao Valor="3"/>
          <TamAuto Valor="-1"/>
          <Desvio Valor="10"/>
          <BarraID Valor="60"/>
          <Ligacoes>
            <Ligacao Destino_ID="4">
              <MostraCardinalidade Valor="0" Card_id="61"/>
              <Cardinalidades Cardinalidade="4"/>
              <Orientacao Valor="0"/>
              <Fraca Valor="0"/>
            </Ligacao>
          </Ligacoes>
        </Atributo>
        <Atributo nome="autor" id="56">
          <Left Valor="275"/>
          <Top Valor="391"/>
          <Width Valor="58"/>
          <Height Valor="16"/>
          <Fonte default="-1"/>
          <Atributos/>
          <AtributosOcultos/>
          <Dicionario></Dicionario>
          <Nula Valor="0"/>
          <Observacao></Observacao>
          <Futuro></Futuro>
          <Anexos/>
          <MaxCard Valor="1"/>
          <MinCard Valor="1"/>
          <Composto Valor="0"/>
          <Identificador Valor="0"/>
          <Tipo Valor="int"/>
          <Multivalorado Valor="0"/>
          <Orientacao Valor="2"/>
          <TamAuto Valor="-1"/>
          <Desvio Valor="10"/>
          <BarraID Valor="57"/>
          <Ligacoes>
            <Ligacao Destino_ID="4">
              <MostraCardinalidade Valor="0" Card_id="58"/>
              <Cardinalidades Cardinalidade="4"/>
              <Orientacao Valor="0"/>
              <Fraca Valor="0"/>
            </Ligacao>
          </Ligacoes>
        </Atributo>
      </Atributos>
      <AtributosOcultos/>
      <Dicionario></Dicionario>
      <Nula Valor="0"/>
      <Observacao></Observacao>
      <Futuro></Futuro>
      <Anexos/>
      <AutoRelacoes AutoRelacionado="0"/>
      <Especializacoes ehEsp="0"/>
    </Entidade>
    <Entidade nome="categoria" id="93">
      <Left Valor="745"/>
      <Top Valor="280"/>
      <Width Valor="102"/>
      <Height Valor="66"/>
      <Fonte default="-1"/>
      <Atributos>
        <Atributo nome="categoria" id="100">
          <Left Valor="882"/>
          <Top Valor="316"/>
          <Width Valor="81"/>
          <Height Valor="16"/>
          <Fonte default="-1"/>
          <Atributos/>
          <AtributosOcultos/>
          <Dicionario></Dicionario>
          <Nula Valor="0"/>
          <Observacao></Observacao>
          <Futuro></Futuro>
          <Anexos/>
          <MaxCard Valor="1"/>
          <MinCard Valor="1"/>
          <Composto Valor="0"/>
          <Identificador Valor="0"/>
          <Tipo Valor="varchar"/>
          <Multivalorado Valor="0"/>
          <Orientacao Valor="3"/>
          <TamAuto Valor="-1"/>
          <Desvio Valor="10"/>
          <BarraID Valor="101"/>
          <Ligacoes>
            <Ligacao Destino_ID="93">
              <MostraCardinalidade Valor="0" Card_id="102"/>
              <Cardinalidades Cardinalidade="4"/>
              <Orientacao Valor="0"/>
              <Fraca Valor="0"/>
            </Ligacao>
          </Ligacoes>
        </Atributo>
        <Atributo nome="cod_categoria" id="97">
          <Left Valor="882"/>
          <Top Valor="294"/>
          <Width Valor="108"/>
          <Height Valor="16"/>
          <Fonte default="-1"/>
          <Atributos/>
          <AtributosOcultos/>
          <Dicionario></Dicionario>
          <Nula Valor="0"/>
          <Observacao></Observacao>
          <Futuro></Futuro>
          <Anexos/>
          <MaxCard Valor="1"/>
          <MinCard Valor="1"/>
          <Composto Valor="0"/>
          <Identificador Valor="-1"/>
          <Tipo Valor="int"/>
          <Multivalorado Valor="0"/>
          <Orientacao Valor="3"/>
          <TamAuto Valor="-1"/>
          <Desvio Valor="10"/>
          <BarraID Valor="98"/>
          <Ligacoes>
            <Ligacao Destino_ID="93">
              <MostraCardinalidade Valor="0" Card_id="99"/>
              <Cardinalidades Cardinalidade="4"/>
              <Orientacao Valor="0"/>
              <Fraca Valor="0"/>
            </Ligacao>
          </Ligacoes>
        </Atributo>
      </Atributos>
      <AtributosOcultos/>
      <Dicionario></Dicionario>
      <Nula Valor="0"/>
      <Observacao></Observacao>
      <Futuro></Futuro>
      <Anexos/>
      <AutoRelacoes AutoRelacionado="0"/>
      <Especializacoes ehEsp="0"/>
    </Entidade>
  </Entidades>
	<Relacoes>
    <Relacao nome="possui" id="94">
      <Left Valor="599"/>
      <Top Valor="288"/>
      <Width Valor="102"/>
      <Height Valor="51"/>
      <Fonte default="-1"/>
      <Atributos/>
      <AtributosOcultos/>
      <Dicionario></Dicionario>
      <Nula Valor="0"/>
      <Observacao></Observacao>
      <Futuro></Futuro>
      <Anexos/>
      <SetaDirecao Valor="0"/>
      <Ligacoes>
        <Ligacao Destino_ID="62">
          <MostraCardinalidade Valor="-1" Card_id="95"/>
          <Cardinalidades Cardinalidade="4">
            <Cardinalidade nome="" id="95">
              <Left Valor="650"/>
              <Top Valor="242"/>
              <Width Valor="40"/>
              <Height Valor="20"/>
              <Fonte default="-1"/>
              <Atributos/>
              <AtributosOcultos/>
              <Dicionario></Dicionario>
              <Nula Valor="0"/>
              <Observacao></Observacao>
              <Futuro></Futuro>
              <Anexos/>
              <Cor Valor="15780518"/>
              <TamAuto Valor="-1"/>
              <Tipo Valor="0"/>
              <TextAlin Valor="0"/>
              <Card Valor="4"/>
              <Fixa Valor="0"/>
              <Ligacoes/>
            </Cardinalidade>
          </Cardinalidades>
          <Orientacao Valor="0"/>
          <Fraca Valor="0"/>
        </Ligacao>
        <Ligacao Destino_ID="93">
          <MostraCardinalidade Valor="-1" Card_id="96"/>
          <Cardinalidades Cardinalidade="4">
            <Cardinalidade nome="" id="96">
              <Left Valor="707"/>
              <Top Valor="298"/>
              <Width Valor="40"/>
              <Height Valor="20"/>
              <Fonte default="-1"/>
              <Atributos/>
              <AtributosOcultos/>
              <Dicionario></Dicionario>
              <Nula Valor="0"/>
              <Observacao></Observacao>
              <Futuro></Futuro>
              <Anexos/>
              <Cor Valor="15780518"/>
              <TamAuto Valor="-1"/>
              <Tipo Valor="0"/>
              <TextAlin Valor="0"/>
              <Card Valor="4"/>
              <Fixa Valor="0"/>
              <Ligacoes/>
            </Cardinalidade>
          </Cardinalidades>
          <Orientacao Valor="0"/>
          <Fraca Valor="0"/>
        </Ligacao>
      </Ligacoes>
    </Relacao>
    <Relacao nome="mora" id="29">
      <Left Valor="353"/>
      <Top Valor="594"/>
      <Width Valor="102"/>
      <Height Valor="51"/>
      <Fonte default="-1"/>
      <Atributos/>
      <AtributosOcultos/>
      <Dicionario></Dicionario>
      <Nula Valor="0"/>
      <Observacao></Observacao>
      <Futuro></Futuro>
      <Anexos/>
      <SetaDirecao Valor="0"/>
      <Ligacoes>
        <Ligacao Destino_ID="3">
          <MostraCardinalidade Valor="-1" Card_id="30"/>
          <Cardinalidades Cardinalidade="4">
            <Cardinalidade nome="" id="30">
              <Left Valor="216"/>
              <Top Valor="160"/>
              <Width Valor="40"/>
              <Height Valor="20"/>
              <Fonte default="-1"/>
              <Atributos/>
              <AtributosOcultos/>
              <Dicionario></Dicionario>
              <Nula Valor="0"/>
              <Observacao></Observacao>
              <Futuro></Futuro>
              <Anexos/>
              <Cor Valor="15780518"/>
              <TamAuto Valor="-1"/>
              <Tipo Valor="0"/>
              <TextAlin Valor="0"/>
              <Card Valor="4"/>
              <Fixa Valor="0"/>
              <Ligacoes/>
            </Cardinalidade>
          </Cardinalidades>
          <Orientacao Valor="0"/>
          <Fraca Valor="0"/>
        </Ligacao>
        <Ligacao Destino_ID="28">
          <MostraCardinalidade Valor="-1" Card_id="31"/>
          <Cardinalidades Cardinalidade="4">
            <Cardinalidade nome="" id="31">
              <Left Valor="451"/>
              <Top Valor="567"/>
              <Width Valor="40"/>
              <Height Valor="20"/>
              <Fonte default="-1"/>
              <Atributos/>
              <AtributosOcultos/>
              <Dicionario></Dicionario>
              <Nula Valor="0"/>
              <Observacao></Observacao>
              <Futuro></Futuro>
              <Anexos/>
              <Cor Valor="15780518"/>
              <TamAuto Valor="-1"/>
              <Tipo Valor="0"/>
              <TextAlin Valor="0"/>
              <Card Valor="4"/>
              <Fixa Valor="0"/>
              <Ligacoes/>
            </Cardinalidade>
          </Cardinalidades>
          <Orientacao Valor="0"/>
          <Fraca Valor="0"/>
        </Ligacao>
      </Ligacoes>
    </Relacao>
    <Relacao nome="faz" id="63">
      <Left Valor="383"/>
      <Top Valor="183"/>
      <Width Valor="102"/>
      <Height Valor="51"/>
      <Fonte default="-1"/>
      <Atributos/>
      <AtributosOcultos/>
      <Dicionario></Dicionario>
      <Nula Valor="0"/>
      <Observacao></Observacao>
      <Futuro></Futuro>
      <Anexos/>
      <SetaDirecao Valor="0"/>
      <Ligacoes>
        <Ligacao Destino_ID="62">
          <MostraCardinalidade Valor="-1" Card_id="64"/>
          <Cardinalidades Cardinalidade="4">
            <Cardinalidade nome="" id="64">
              <Left Valor="561"/>
              <Top Valor="193"/>
              <Width Valor="40"/>
              <Height Valor="20"/>
              <Fonte default="-1"/>
              <Atributos/>
              <AtributosOcultos/>
              <Dicionario></Dicionario>
              <Nula Valor="0"/>
              <Observacao></Observacao>
              <Futuro></Futuro>
              <Anexos/>
              <Cor Valor="15780518"/>
              <TamAuto Valor="-1"/>
              <Tipo Valor="0"/>
              <TextAlin Valor="0"/>
              <Card Valor="4"/>
              <Fixa Valor="0"/>
              <Ligacoes/>
            </Cardinalidade>
          </Cardinalidades>
          <Orientacao Valor="0"/>
          <Fraca Valor="0"/>
        </Ligacao>
        <Ligacao Destino_ID="3">
          <MostraCardinalidade Valor="-1" Card_id="65"/>
          <Cardinalidades Cardinalidade="4">
            <Cardinalidade nome="" id="65">
              <Left Valor="266"/>
              <Top Valor="160"/>
              <Width Valor="40"/>
              <Height Valor="20"/>
              <Fonte default="-1"/>
              <Atributos/>
              <AtributosOcultos/>
              <Dicionario></Dicionario>
              <Nula Valor="0"/>
              <Observacao></Observacao>
              <Futuro></Futuro>
              <Anexos/>
              <Cor Valor="15780518"/>
              <TamAuto Valor="-1"/>
              <Tipo Valor="0"/>
              <TextAlin Valor="0"/>
              <Card Valor="4"/>
              <Fixa Valor="0"/>
              <Ligacoes/>
            </Cardinalidade>
          </Cardinalidades>
          <Orientacao Valor="0"/>
          <Fraca Valor="0"/>
        </Ligacao>
      </Ligacoes>
    </Relacao>
    <Relacao nome="faz" id="25">
      <Left Valor="368"/>
      <Top Valor="291"/>
      <Width Valor="102"/>
      <Height Valor="51"/>
      <Fonte default="-1"/>
      <Atributos/>
      <AtributosOcultos/>
      <Dicionario></Dicionario>
      <Nula Valor="0"/>
      <Observacao></Observacao>
      <Futuro></Futuro>
      <Anexos/>
      <SetaDirecao Valor="0"/>
      <Ligacoes>
        <Ligacao Destino_ID="3">
          <MostraCardinalidade Valor="-1" Card_id="26"/>
          <Cardinalidades Cardinalidade="4">
            <Cardinalidade nome="" id="26">
              <Left Valor="241"/>
              <Top Valor="160"/>
              <Width Valor="40"/>
              <Height Valor="20"/>
              <Fonte default="-1"/>
              <Atributos/>
              <AtributosOcultos/>
              <Dicionario></Dicionario>
              <Nula Valor="0"/>
              <Observacao></Observacao>
              <Futuro></Futuro>
              <Anexos/>
              <Cor Valor="15780518"/>
              <TamAuto Valor="-1"/>
              <Tipo Valor="0"/>
              <TextAlin Valor="0"/>
              <Card Valor="4"/>
              <Fixa Valor="0"/>
              <Ligacoes/>
            </Cardinalidade>
          </Cardinalidades>
          <Orientacao Valor="0"/>
          <Fraca Valor="0"/>
        </Ligacao>
        <Ligacao Destino_ID="4">
          <MostraCardinalidade Valor="-1" Card_id="27"/>
          <Cardinalidades Cardinalidade="4">
            <Cardinalidade nome="" id="27">
              <Left Valor="419"/>
              <Top Valor="358"/>
              <Width Valor="40"/>
              <Height Valor="20"/>
              <Fonte default="-1"/>
              <Atributos/>
              <AtributosOcultos/>
              <Dicionario></Dicionario>
              <Nula Valor="0"/>
              <Observacao></Observacao>
              <Futuro></Futuro>
              <Anexos/>
              <Cor Valor="15780518"/>
              <TamAuto Valor="-1"/>
              <Tipo Valor="0"/>
              <TextAlin Valor="0"/>
              <Card Valor="4"/>
              <Fixa Valor="0"/>
              <Ligacoes/>
            </Cardinalidade>
          </Cardinalidades>
          <Orientacao Valor="0"/>
          <Fraca Valor="0"/>
        </Ligacao>
      </Ligacoes>
    </Relacao>
    <Relacao nome="possui" id="130">
      <Left Valor="745"/>
      <Top Valor="463"/>
      <Width Valor="102"/>
      <Height Valor="51"/>
      <Fonte default="-1"/>
      <Atributos/>
      <AtributosOcultos/>
      <Dicionario></Dicionario>
      <Nula Valor="0"/>
      <Observacao></Observacao>
      <Futuro></Futuro>
      <Anexos/>
      <SetaDirecao Valor="0"/>
      <Ligacoes>
        <Ligacao Destino_ID="4">
          <MostraCardinalidade Valor="-1" Card_id="131"/>
          <Cardinalidades Cardinalidade="4">
            <Cardinalidade nome="" id="131">
              <Left Valor="436"/>
              <Top Valor="440"/>
              <Width Valor="40"/>
              <Height Valor="20"/>
              <Fonte default="-1"/>
              <Atributos/>
              <AtributosOcultos/>
              <Dicionario></Dicionario>
              <Nula Valor="0"/>
              <Observacao></Observacao>
              <Futuro></Futuro>
              <Anexos/>
              <Cor Valor="15780518"/>
              <TamAuto Valor="-1"/>
              <Tipo Valor="0"/>
              <TextAlin Valor="0"/>
              <Card Valor="4"/>
              <Fixa Valor="0"/>
              <Ligacoes/>
            </Cardinalidade>
          </Cardinalidades>
          <Orientacao Valor="0"/>
          <Fraca Valor="0"/>
        </Ligacao>
        <Ligacao Destino_ID="93">
          <MostraCardinalidade Valor="-1" Card_id="132"/>
          <Cardinalidades Cardinalidade="4">
            <Cardinalidade nome="" id="132">
              <Left Valor="796"/>
              <Top Valor="347"/>
              <Width Valor="40"/>
              <Height Valor="20"/>
              <Fonte default="-1"/>
              <Atributos/>
              <AtributosOcultos/>
              <Dicionario></Dicionario>
              <Nula Valor="0"/>
              <Observacao></Observacao>
              <Futuro></Futuro>
              <Anexos/>
              <Cor Valor="15780518"/>
              <TamAuto Valor="-1"/>
              <Tipo Valor="0"/>
              <TextAlin Valor="0"/>
              <Card Valor="4"/>
              <Fixa Valor="0"/>
              <Ligacoes/>
            </Cardinalidade>
          </Cardinalidades>
          <Orientacao Valor="0"/>
          <Fraca Valor="0"/>
        </Ligacao>
      </Ligacoes>
    </Relacao>
    <Relacao nome="especifica" id="133">
      <Left Valor="351"/>
      <Top Valor="485"/>
      <Width Valor="102"/>
      <Height Valor="51"/>
      <Fonte default="-1"/>
      <Atributos/>
      <AtributosOcultos/>
      <Dicionario></Dicionario>
      <Nula Valor="0"/>
      <Observacao></Observacao>
      <Futuro></Futuro>
      <Anexos/>
      <SetaDirecao Valor="0"/>
      <Ligacoes>
        <Ligacao Destino_ID="4">
          <MostraCardinalidade Valor="-1" Card_id="134"/>
          <Cardinalidades Cardinalidade="4">
            <Cardinalidade nome="" id="134">
              <Left Valor="402"/>
              <Top Valor="440"/>
              <Width Valor="40"/>
              <Height Valor="20"/>
              <Fonte default="-1"/>
              <Atributos/>
              <AtributosOcultos/>
              <Dicionario></Dicionario>
              <Nula Valor="0"/>
              <Observacao></Observacao>
              <Futuro></Futuro>
              <Anexos/>
              <Cor Valor="15780518"/>
              <TamAuto Valor="-1"/>
              <Tipo Valor="0"/>
              <TextAlin Valor="0"/>
              <Card Valor="4"/>
              <Fixa Valor="0"/>
              <Ligacoes/>
            </Cardinalidade>
          </Cardinalidades>
          <Orientacao Valor="0"/>
          <Fraca Valor="0"/>
        </Ligacao>
        <Ligacao Destino_ID="28">
          <MostraCardinalidade Valor="-1" Card_id="135"/>
          <Cardinalidades Cardinalidade="4">
            <Cardinalidade nome="" id="135">
              <Left Valor="451"/>
              <Top Valor="545"/>
              <Width Valor="40"/>
              <Height Valor="20"/>
              <Fonte default="-1"/>
              <Atributos/>
              <AtributosOcultos/>
              <Dicionario></Dicionario>
              <Nula Valor="0"/>
              <Observacao></Observacao>
              <Futuro></Futuro>
              <Anexos/>
              <Cor Valor="15780518"/>
              <TamAuto Valor="-1"/>
              <Tipo Valor="0"/>
              <TextAlin Valor="0"/>
              <Card Valor="4"/>
              <Fixa Valor="0"/>
              <Ligacoes/>
            </Cardinalidade>
          </Cardinalidades>
          <Orientacao Valor="0"/>
          <Fraca Valor="0"/>
        </Ligacao>
      </Ligacoes>
    </Relacao>
  </Relacoes>
	<EntAssoss>
	</EntAssoss>
	<Texto>
	</Texto>
</MER>
